Ticker,Date,Open,High,Low,Close,Adj Close,Volume,Prediction
AAPL,2023-02-07,150.63999938964844,155.22999572753906,150.63999938964844,154.64999389648438,154.4142303466797,83322600,154.45903561686973
AAPL,2023-02-08,153.8800048828125,154.5800018310547,151.1699981689453,151.9199981689453,151.6884002685547,64120100,151.72284332005728
AAPL,2023-02-09,153.77999877929688,154.3300018310547,150.4199981689453,150.8699951171875,150.63999938964844,56007100,150.6728444307374
AAPL,2023-02-10,149.4600067138672,151.33999633789062,149.22000122070312,151.00999450683594,151.00999450683594,57450700,151.02067021766197
AAPL,2023-02-13,150.9499969482422,154.25999450683594,150.9199981689453,153.85000610351562,153.85000610351562,62199000,153.868342078662
AAPL,2023-02-14,152.1199951171875,153.77000427246094,150.86000061035156,153.1999969482422,153.1999969482422,61707600,153.21715466219175
AAPL,2023-02-15,153.11000061035156,155.5,152.8800048828125,155.3300018310547,155.3300018310547,65573800,155.34729374675726
AAPL,2023-02-16,153.50999450683594,156.3300018310547,153.35000610351562,153.7100067138672,153.7100067138672,68167900,153.745872759389
AAPL,2023-02-17,152.35000610351562,153.0,150.85000610351562,152.5500030517578,152.5500030517578,59144100,152.56182418582978
AAPL,2023-02-21,150.1999969482422,151.3000030517578,148.41000366210938,148.47999572753906,148.47999572753906,58867200,148.5091813798458
AAPL,2023-02-22,148.8699951171875,149.9499969482422,147.16000366210938,148.91000366210938,148.91000366210938,51011300,148.92076871187498
AAPL,2023-02-23,150.08999633789062,150.33999633789062,147.24000549316406,149.39999389648438,149.39999389648438,48394200,149.40780412154962
AAPL,2023-02-24,147.11000061035156,147.19000244140625,145.72000122070312,146.7100067138672,146.7100067138672,55469600,146.71895657496327
AAPL,2023-02-27,147.7100067138672,149.1699981689453,147.4499969482422,147.9199981689453,147.9199981689453,44998500,147.92402137861222
AAPL,2023-02-28,147.0500030517578,149.0800018310547,146.8300018310547,147.41000366210938,147.41000366210938,50547000,147.42371411626374
AAPL,2023-03-01,146.8300018310547,147.22999572753906,145.00999450683594,145.30999755859375,145.30999755859375,55479000,145.32999295753118
AAPL,2023-03-02,144.3800048828125,146.7100067138672,143.89999389648438,145.91000366210938,145.91000366210938,52238100,145.92254008829755
AAPL,2023-03-03,148.0399932861328,151.11000061035156,147.3300018310547,151.02999877929688,151.02999877929688,70732300,151.05695160749417
AAPL,2023-03-06,153.7899932861328,156.3000030517578,153.4600067138672,153.8300018310547,153.8300018310547,87558000,153.88329234544995
AAPL,2023-03-07,153.6999969482422,154.02999877929688,151.1300048828125,151.60000610351562,151.60000610351562,56182000,151.62260636653673
AAPL,2023-03-08,152.80999755859375,153.47000122070312,151.8300018310547,152.8699951171875,152.8699951171875,47204800,152.86963999609748
AAPL,2023-03-09,153.55999755859375,154.5399932861328,150.22999572753906,150.58999633789062,150.58999633789062,53833600,150.62348990993036
AAPL,2023-03-10,150.2100067138672,150.94000244140625,147.61000061035156,148.5,148.5,68572400,148.53735138976162
AAPL,2023-03-13,147.80999755859375,153.13999938964844,147.6999969482422,150.47000122070312,150.47000122070312,84457100,150.53091900628206
AAPL,2023-03-14,151.27999877929688,153.39999389648438,150.10000610351562,152.58999633789062,152.58999633789062,73695900,152.62169650892412
AAPL,2023-03-15,151.19000244140625,153.25,149.9199981689453,152.99000549316406,152.99000549316406,77167900,153.02176366152514
AAPL,2023-03-16,152.16000366210938,156.4600067138672,151.63999938964844,155.85000610351562,155.85000610351562,76161100,155.88647246340966
AAPL,2023-03-17,156.0800018310547,156.74000549316406,154.27999877929688,155.0,155.0,98944600,155.05774083080183
AAPL,2023-03-20,155.07000732421875,157.82000732421875,154.14999389648438,157.39999389648438,157.39999389648438,73641400,157.4285370611404
AAPL,2023-03-21,157.32000732421875,159.39999389648438,156.5399932861328,159.27999877929688,159.27999877929688,73938300,159.30387514336246
AAPL,2023-03-22,159.3000030517578,162.13999938964844,157.80999755859375,157.8300018310547,157.8300018310547,75701800,157.88466172756245
AAPL,2023-03-23,158.8300018310547,161.5500030517578,157.67999267578125,158.92999267578125,158.92999267578125,67622100,158.96527719137134
AAPL,2023-03-24,158.86000061035156,160.33999633789062,157.85000610351562,160.25,160.25,59196500,160.25770507856566
AAPL,2023-03-27,159.94000244140625,160.77000427246094,157.8699951171875,158.27999877929688,158.27999877929688,52390300,158.29659641301473
AAPL,2023-03-28,157.97000122070312,158.49000549316406,155.97999572753906,157.64999389648438,157.64999389648438,45992200,157.64992227158706
AAPL,2023-03-29,159.3699951171875,161.0500030517578,159.35000610351562,160.77000427246094,160.77000427246094,51305700,160.7689938124562
AAPL,2023-03-30,161.52999877929688,162.47000122070312,161.27000427246094,162.36000061035156,162.36000061035156,49501700,162.3539178243627
AAPL,2023-03-31,162.44000244140625,165.0,161.91000366210938,164.89999389648438,164.89999389648438,68749800,164.91708376202212
AAPL,2023-04-03,164.27000427246094,166.2899932861328,164.22000122070312,166.1699981689453,166.1699981689453,56976200,166.17233329757093
AAPL,2023-04-04,166.60000610351562,166.83999633789062,165.11000061035156,165.6300048828125,165.6300048828125,46278300,165.6267552464872
AAPL,2023-04-05,164.74000549316406,165.0500030517578,161.8000030517578,163.75999450683594,163.75999450683594,51511700,163.76702635100796
AAPL,2023-04-06,162.42999267578125,164.9600067138672,162.0,164.66000366210938,164.66000366210938,45390100,164.65529524051755
AAPL,2023-04-10,161.4199981689453,162.02999877929688,160.0800018310547,162.02999877929688,162.02999877929688,47716900,162.0234378288456
AAPL,2023-04-11,162.35000610351562,162.36000061035156,160.50999450683594,160.8000030517578,160.8000030517578,47644200,160.80240935797264
AAPL,2023-04-12,161.22000122070312,162.05999755859375,159.77999877929688,160.10000610351562,160.10000610351562,50133100,160.10896328457824
AAPL,2023-04-13,161.6300048828125,165.8000030517578,161.4199981689453,165.55999755859375,165.55999755859375,68445600,165.58139876913737
AAPL,2023-04-14,164.58999633789062,166.32000732421875,163.82000732421875,165.2100067138672,165.2100067138672,49386500,165.21207870889202
AAPL,2023-04-17,165.08999633789062,165.38999938964844,164.02999877929688,165.22999572753906,165.22999572753906,41516200,165.21528184055185
AAPL,2023-04-18,166.10000610351562,167.41000366210938,165.64999389648438,166.47000122070312,166.47000122070312,49923000,166.46896524391838
AAPL,2023-04-19,165.8000030517578,168.16000366210938,165.5399932861328,167.6300048828125,167.6300048828125,47720200,167.62665254662485
AAPL,2023-04-20,166.08999633789062,167.8699951171875,165.55999755859375,166.64999389648438,166.64999389648438,52456400,166.65460216021603
AAPL,2023-04-21,165.0500030517578,166.4499969482422,164.49000549316406,165.02000427246094,165.02000427246094,58337300,165.03118017057528
AAPL,2023-04-24,165.0,165.60000610351562,163.88999938964844,165.3300018310547,165.3300018310547,41949600,165.31734460192308
AAPL,2023-04-25,165.19000244140625,166.30999755859375,163.72999572753906,163.77000427246094,163.77000427246094,48714100,163.7802518576782
AAPL,2023-04-26,163.05999755859375,165.27999877929688,162.8000030517578,163.75999450683594,163.75999450683594,45498800,163.76148568538568
AAPL,2023-04-27,165.19000244140625,168.55999755859375,165.19000244140625,168.41000366210938,168.41000366210938,64902300,168.4232255360831
AAPL,2023-04-28,168.49000549316406,169.85000610351562,167.8800048828125,169.67999267578125,169.67999267578125,55209200,169.67879213131388
AAPL,2023-05-01,169.27999877929688,170.4499969482422,168.63999938964844,169.58999633789062,169.58999633789062,52472900,169.58967609276766
AAPL,2023-05-02,170.08999633789062,170.35000610351562,167.5399932861328,168.5399932861328,168.5399932861328,48425700,168.54381248265634
AAPL,2023-05-03,169.5,170.9199981689453,167.16000366210938,167.4499969482422,167.4499969482422,65136000,167.4831670150399
AAPL,2023-05-04,164.88999938964844,167.0399932861328,164.30999755859375,165.7899932861328,165.7899932861328,81235400,165.82439053168113
AAPL,2023-05-05,170.97999572753906,174.3000030517578,170.75999450683594,173.57000732421875,173.57000732421875,113316400,173.63183875861176
MSFT,2023-02-07,260.5299987792969,268.7699890136719,260.0799865722656,267.5599975585937,266.8915100097656,50841400,266.9692094281616
MSFT,2023-02-08,273.20001220703125,276.760009765625,266.2099914550781,266.7300109863281,266.0635986328125,54686000,266.19901407496843
MSFT,2023-02-09,273.79998779296875,273.9800109863281,262.79998779296875,263.6199951171875,262.9613647460937,42375100,263.08797795606716
MSFT,2023-02-10,261.5299987792969,264.0899963378906,260.6600036621094,263.1000061035156,262.4426574707031,25818500,262.48040764409666
MSFT,2023-02-13,267.6400146484375,274.6000061035156,267.1499938964844,271.32000732421875,270.6421203613281,44630900,270.72042014161906
MSFT,2023-02-14,272.6700134277344,274.9700012207031,269.2799987792969,272.1700134277344,271.4900207519531,37047900,271.55102551679937
MSFT,2023-02-15,268.32000732421875,270.7300109863281,266.17999267578125,269.32000732421875,269.32000732421875,28922400,269.35918873418865
MSFT,2023-02-16,264.0199890136719,266.739990234375,261.8999938964844,262.1499938964844,262.1499938964844,29603600,262.2123042606005
MSFT,2023-02-17,259.3900146484375,260.0899963378906,256.0,258.0599975585937,258.0599975585937,30000100,258.10671475732937
MSFT,2023-02-21,254.47999572753903,255.4900054931641,251.58999633789065,252.6699981689453,252.6699981689453,28397400,252.72175527424955
MSFT,2023-02-22,254.08999633789065,254.33999633789065,250.33999633789065,251.509994506836,251.509994506836,22491100,251.5564532172606
MSFT,2023-02-23,255.5599975585937,256.8399963378906,250.47999572753903,254.7700042724609,254.7700042724609,29219100,254.8237044938851
MSFT,2023-02-24,249.9600067138672,251.0,248.1000061035156,249.22000122070312,249.22000122070312,24990900,249.26137586047935
MSFT,2023-02-27,252.4600067138672,252.82000732421875,249.38999938964844,250.16000366210932,250.16000366210932,21190000,250.20339786478448
MSFT,2023-02-28,249.07000732421875,251.4900054931641,248.72999572753903,249.4199981689453,249.4199981689453,22491000,249.46085735771112
MSFT,2023-03-01,250.759994506836,250.92999267578125,245.7899932861328,246.2700042724609,246.2700042724609,27565300,246.33716802524697
MSFT,2023-03-02,246.5500030517578,251.3999938964844,245.6100006103516,251.1100006103516,251.1100006103516,24808200,251.15097380067425
MSFT,2023-03-03,252.19000244140625,255.6199951171875,251.38999938964844,255.2899932861328,255.2899932861328,30760100,255.33048847103595
MSFT,2023-03-06,256.42999267578125,260.1199951171875,255.97999572753903,256.8699951171875,256.8699951171875,24109800,256.9201763197471
MSFT,2023-03-07,256.29998779296875,257.69000244140625,253.38999938964844,254.1499938964844,254.1499938964844,21473200,254.1997579910008
MSFT,2023-03-08,254.0399932861328,254.5399932861328,250.8099975585937,253.6999969482422,253.6999969482422,17340200,253.72837936614496
MSFT,2023-03-09,255.82000732421875,259.5599975585937,251.5800018310547,252.32000732421875,252.32000732421875,26653400,252.4076199662752
MSFT,2023-03-10,251.0800018310547,252.7899932861328,247.6000061035156,248.58999633789065,248.58999633789065,28333900,248.65511142440684
MSFT,2023-03-13,247.3999938964844,257.9100036621094,245.72999572753903,253.9199981689453,253.9199981689453,33339700,254.00859902550306
MSFT,2023-03-14,256.75,261.07000732421875,255.8600006103516,260.7900085449219,260.7900085449219,33620300,260.8335377908658
MSFT,2023-03-15,259.9800109863281,266.4800109863281,259.2099914550781,265.44000244140625,265.44000244140625,46028000,265.50431002694495
MSFT,2023-03-16,265.2099914550781,276.5599975585937,263.2799987792969,276.20001220703125,276.20001220703125,54768800,276.28190633460207
MSFT,2023-03-17,278.260009765625,283.3299865722656,276.32000732421875,279.42999267578125,279.42999267578125,69527400,279.52629059922816
MSFT,2023-03-20,276.9800109863281,277.4800109863281,269.8500061035156,272.2300109863281,272.2300109863281,43466600,272.3112738636456
MSFT,2023-03-21,274.8800048828125,275.0,269.5199890136719,273.7799987792969,273.7799987792969,34558700,273.82286633006714
MSFT,2023-03-22,273.3999938964844,281.0400085449219,272.17999267578125,272.2900085449219,272.2900085449219,34873300,272.3898402127928
MSFT,2023-03-23,277.94000244140625,281.0599975585937,275.20001220703125,277.6600036621094,277.6600036621094,36610900,277.71826871497404
MSFT,2023-03-24,277.239990234375,280.6300048828125,275.2799987792969,280.57000732421875,280.57000732421875,28172000,280.5982490513858
MSFT,2023-03-27,280.5,281.4599914550781,275.5199890136719,276.3800048828125,276.3800048828125,26840200,276.438217997116
MSFT,2023-03-28,275.7900085449219,276.1400146484375,272.04998779296875,275.2300109863281,275.2300109863281,21878600,275.2546827593834
MSFT,2023-03-29,278.9599914550781,281.1400146484375,278.4100036621094,280.510009765625,280.510009765625,25087000,280.5313048875515
MSFT,2023-03-30,284.2300109863281,284.4599914550781,281.4800109863281,284.04998779296875,284.04998779296875,25053400,284.0681131359627
MSFT,2023-03-31,283.7300109863281,289.2699890136719,283.0,288.29998779296875,288.29998779296875,32766000,288.33801416695997
MSFT,2023-04-03,286.5199890136719,288.2699890136719,283.95001220703125,287.2300109863281,287.2300109863281,24883300,287.2544072189118
MSFT,2023-04-04,287.2300109863281,290.45001220703125,285.6700134277344,287.17999267578125,287.17999267578125,25824300,287.22016106928936
MSFT,2023-04-05,285.8500061035156,287.1499938964844,282.9200134277344,284.3399963378906,284.3399963378906,22064800,284.3727302472832
MSFT,2023-04-06,283.2099914550781,292.0799865722656,282.0299987792969,291.6000061035156,291.6000061035156,29770300,291.6421196666465
MSFT,2023-04-10,289.2099914550781,289.6000061035156,284.7099914550781,289.3900146484375,289.3900146484375,23103000,289.4077103215535
MSFT,2023-04-11,285.75,285.9800109863281,281.6400146484375,282.8299865722656,282.8299865722656,27276600,282.8701751312703
MSFT,2023-04-12,284.7900085449219,287.010009765625,281.9599914550781,283.489990234375,283.489990234375,27403400,283.5349501538797
MSFT,2023-04-13,283.5899963378906,289.8999938964844,283.1700134277344,289.8399963378906,289.8399963378906,24222700,289.86531535738857
MSFT,2023-04-14,287.0,288.4800109863281,283.69000244140625,286.1400146484375,286.1400146484375,20987900,286.1697078062172
MSFT,2023-04-17,289.92999267578125,291.6000061035156,286.1600036621094,288.79998779296875,288.79998779296875,23836200,288.8357138899009
MSFT,2023-04-18,291.57000732421875,291.760009765625,287.010009765625,288.3699951171875,288.3699951171875,20161800,288.4032714653269
MSFT,2023-04-19,285.989990234375,289.04998779296875,284.5400085449219,288.45001220703125,288.45001220703125,17150300,288.46493159542274
MSFT,2023-04-20,285.25,289.0299987792969,285.0799865722656,286.1099853515625,286.1099853515625,23244400,286.14423650916865
MSFT,2023-04-21,285.010009765625,286.2699890136719,283.0599975585937,285.760009765625,285.760009765625,21676400,285.77577894626603
MSFT,2023-04-24,282.0899963378906,284.95001220703125,278.7200012207031,281.7699890136719,281.7699890136719,26611000,281.81627996625315
MSFT,2023-04-25,279.510009765625,281.6000061035156,275.3699951171875,275.4200134277344,275.4200134277344,45772200,275.50473303914765
MSFT,2023-04-26,296.70001220703125,299.57000732421875,292.7300109863281,295.3699951171875,295.3699951171875,64599200,295.45478662669143
MSFT,2023-04-27,295.9700012207031,305.20001220703125,295.25,304.8299865722656,304.8299865722656,46462600,304.88185536535065
MSFT,2023-04-28,304.010009765625,308.92999267578125,303.3099975585937,307.260009765625,307.260009765625,36446700,307.29545772251925
MSFT,2023-05-01,306.9700012207031,308.6000061035156,305.1499938964844,305.5599975585937,305.5599975585937,21294100,305.58224747955245
MSFT,2023-05-02,307.760009765625,309.17999267578125,303.9100036621094,305.4100036621094,305.4100036621094,26404400,305.4460659116308
MSFT,2023-05-03,306.6199951171875,308.6099853515625,304.0899963378906,304.3999938964844,304.3999938964844,22360800,304.4334824655462
MSFT,2023-05-04,306.239990234375,307.760009765625,303.3999938964844,305.4100036621094,305.4100036621094,22519900,305.43177559690014
MSFT,2023-05-05,305.7200012207031,311.9700012207031,304.2699890136719,310.6499938964844,310.6499938964844,28181200,310.679857827887
NFLX,2023-02-07,358.510009765625,364.1799926757813,354.17999267578125,362.9500122070313,362.9500122070313,6289400,362.9117211922158
NFLX,2023-02-08,360.0199890136719,368.1900024414063,358.3099975585937,366.8299865722656,366.8299865722656,6253200,366.7916458865417
NFLX,2023-02-09,372.4100036621094,373.8299865722656,361.739990234375,362.5,362.5,6901100,362.5243537367378
NFLX,2023-02-10,359.1600036621094,362.1400146484375,347.1400146484375,347.3599853515625,347.3599853515625,7291100,347.4195223449606
NFLX,2023-02-13,349.5,359.70001220703125,344.25,358.57000732421875,358.57000732421875,7134400,358.5499969692544
NFLX,2023-02-14,357.54998779296875,363.75,353.3999938964844,359.9599914550781,359.9599914550781,4624800,359.9373917068436
NFLX,2023-02-15,356.6300048828125,362.8800048828125,354.239990234375,361.4200134277344,361.4200134277344,3966000,361.3782777447639
NFLX,2023-02-16,355.0,361.5,350.3099975585937,350.7099914550781,350.7099914550781,5215700,350.7349031290711
NFLX,2023-02-17,347.9100036621094,349.0,342.44000244140625,347.9599914550781,347.9599914550781,5294700,347.91513187070314
NFLX,2023-02-21,342.8500061035156,344.1300048828125,336.4200134277344,337.5,337.5,5710300,337.4955638199391
NFLX,2023-02-22,337.5,341.9100036621094,332.82000732421875,334.8800048828125,334.8800048828125,4546200,334.8829563458228
NFLX,2023-02-23,331.2300109863281,331.2799987792969,314.29998779296875,323.6499938964844,323.6499938964844,13238700,323.68776661343685
NFLX,2023-02-24,319.29998779296875,321.5,314.5199890136719,317.1499938964844,317.1499938964844,6830700,317.1408677427726
NFLX,2023-02-27,323.8699951171875,330.0,322.1199951171875,323.0299987792969,323.0299987792969,6142600,323.0370709286874
NFLX,2023-02-28,323.70001220703125,327.6199951171875,321.1700134277344,322.1300048828125,322.1300048828125,3676100,322.12174850049803
NFLX,2023-03-01,321.54998779296875,326.6000061035156,312.3599853515625,313.4800109863281,313.4800109863281,4911300,313.5414311100776
NFLX,2023-03-02,310.9599914550781,315.57000732421875,310.3800048828125,311.8800048828125,311.8800048828125,4911000,311.8640915172369
NFLX,2023-03-03,315.45001220703125,317.489990234375,310.82000732421875,315.17999267578125,315.17999267578125,5953300,315.1581641580607
NFLX,2023-03-06,317.0,323.29998779296875,311.8399963378906,312.0299987792969,312.0299987792969,5660700,312.0755629902783
NFLX,2023-03-07,312.67999267578125,314.29998779296875,306.6199951171875,308.4700012207031,308.4700012207031,4553100,308.4725293945309
NFLX,2023-03-08,309.2900085449219,311.8299865722656,305.75,311.7900085449219,311.7900085449219,3479500,311.75281830365344
NFLX,2023-03-09,312.0799865722656,312.510009765625,294.8800048828125,297.7799987792969,297.7799987792969,7443400,297.8664445790863
NFLX,2023-03-10,297.8999938964844,298.7900085449219,289.0,292.760009765625,292.760009765625,5759300,292.7767393256612
NFLX,2023-03-13,287.3399963378906,299.239990234375,285.3299865722656,293.510009765625,293.510009765625,6292400,293.54110757198833
NFLX,2023-03-14,295.9700012207031,297.45001220703125,290.3099975585937,294.94000244140625,294.94000244140625,5956700,294.9290763811181
NFLX,2023-03-15,292.510009765625,306.3099975585937,292.2799987792969,303.7900085449219,303.7900085449219,9215300,303.80208471738104
NFLX,2023-03-16,304.75,316.6000061035156,301.7099914550781,310.0599975585937,310.0599975585937,7903700,310.09263210102705
NFLX,2023-03-17,310.0599975585937,310.760009765625,300.0,303.5,303.5,6918800,303.52269969847595
NFLX,2023-03-20,299.7900085449219,307.5,296.0,305.1300048828125,305.1300048828125,5113400,305.12719298737926
NFLX,2023-03-21,306.32000732421875,307.9200134277344,300.42999267578125,305.7900085449219,305.7900085449219,4886300,305.77206386114517
NFLX,2023-03-22,306.3099975585937,306.45001220703125,293.5400085449219,293.8999938964844,293.8999938964844,5808000,293.9617014250613
NFLX,2023-03-23,304.67999267578125,322.7799987792969,304.1400146484375,320.3699951171875,320.3699951171875,15653300,320.3943489323856
NFLX,2023-03-24,320.6300048828125,331.8299865722656,320.6300048828125,328.3900146484375,328.3900146484375,12991700,328.3918908558462
NFLX,2023-03-27,327.54998779296875,336.44000244140625,324.4100036621094,327.6600036621094,327.6600036621094,8625800,327.6899224418396
NFLX,2023-03-28,326.0599975585937,333.32000732421875,321.2799987792969,323.5199890136719,323.5199890136719,6489400,323.5547773922616
NFLX,2023-03-29,326.2900085449219,332.8500061035156,325.7300109863281,332.0299987792969,332.0299987792969,6287300,331.9958782749325
NFLX,2023-03-30,340.2699890136719,343.2900085449219,335.29998779296875,338.42999267578125,338.42999267578125,7131500,338.41783168349565
NFLX,2023-03-31,340.04998779296875,345.8399963378906,337.20001220703125,345.4800109863281,345.4800109863281,5610200,345.440206934998
NFLX,2023-04-03,341.8299865722656,348.5799865722656,340.3999938964844,348.2799987792969,348.2799987792969,4413700,348.23676089020773
NFLX,2023-04-04,348.489990234375,349.79998779296875,343.95001220703125,346.75,346.75,3298100,346.71368461461486
NFLX,2023-04-05,345.29998779296875,345.42999267578125,336.25,342.3500061035156,342.3500061035156,4205500,342.32458257327596
NFLX,2023-04-06,339.3399963378906,340.4800109863281,332.6300048828125,339.3299865722656,339.3299865722656,4660500,339.29222339126517
NFLX,2023-04-10,335.2699890136719,339.8800048828125,333.3599853515625,338.989990234375,338.989990234375,2657900,338.9472275277261
NFLX,2023-04-11,343.45001220703125,347.1400146484375,337.6400146484375,338.2099914550781,338.2099914550781,4044800,338.2227232244671
NFLX,2023-04-12,340.8099975585937,342.79998779296875,330.0400085449219,331.0299987792969,331.0299987792969,3965400,331.0697443851281
NFLX,2023-04-13,339.989990234375,346.42999267578125,338.75,346.19000244140625,346.19000244140625,7406400,346.1488087277024
NFLX,2023-04-14,342.94000244140625,344.8500061035156,336.4100036621094,338.6300048828125,338.6300048828125,5350500,338.62451984379965
NFLX,2023-04-17,338.0,338.3900146484375,327.5,332.7200012207031,332.7200012207031,6136000,332.7201689922698
NFLX,2023-04-18,335.0,337.19000244140625,330.5,333.70001220703125,333.70001220703125,17944500,333.6887517281691
NFLX,2023-04-19,324.2099914550781,325.75,316.1000061035156,323.1199951171875,323.1199951171875,22128300,323.11965550063223
NFLX,2023-04-20,320.3900146484375,331.42999267578125,318.3299865722656,325.3500061035156,325.3500061035156,9947800,325.3703352351606
NFLX,2023-04-21,323.0,328.2900085449219,319.5,327.9800109863281,327.9800109863281,6348000,327.9483925275971
NFLX,2023-04-24,330.20001220703125,334.6600036621094,326.75,329.0199890136719,329.0199890136719,5586600,329.0154517677902
NFLX,2023-04-25,328.5,328.6600036621094,321.1000061035156,322.54998779296875,322.54998779296875,5426600,322.54783627567673
NFLX,2023-04-26,321.3599853515625,325.8999938964844,320.4700012207031,321.1499938964844,321.1499938964844,4623200,321.13649268550705
NFLX,2023-04-27,324.29998779296875,327.45001220703125,317.44000244140625,325.8500061035156,325.8500061035156,5618800,325.82815474726044
NFLX,2023-04-28,325.239990234375,330.8099975585937,324.0,329.92999267578125,329.92999267578125,4221900,329.8938492900545
NFLX,2023-05-01,329.44000244140625,331.2300109863281,318.0899963378906,324.1199951171875,324.1199951171875,5341500,324.13792005506775
NFLX,2023-05-02,325.0,326.07000732421875,315.6199951171875,317.54998779296875,317.54998779296875,4318600,317.5707422638129
NFLX,2023-05-03,317.54998779296875,324.6199951171875,315.8500061035156,319.29998779296875,319.29998779296875,5064100,319.3007938162698
NFLX,2023-05-04,319.010009765625,323.6099853515625,317.95001220703125,320.7799987792969,320.7799987792969,3879700,320.7554110363692
NFLX,2023-05-05,323.6099853515625,324.1499938964844,319.44000244140625,322.760009765625,322.760009765625,3988600,322.7218933001027
GOOG,2023-02-07,103.62999725341795,108.66999816894533,103.5479965209961,108.04000091552734,108.04000091552734,33738800,108.04203649184757
GOOG,2023-02-08,102.69000244140624,103.58000183105467,98.45500183105467,100.0,100.0,73546000,100.05933708727649
GOOG,2023-02-09,100.54000091552734,100.61000061035156,93.86000061035156,95.45999908447266,95.45999908447266,97798600,95.5577530209834
GOOG,2023-02-10,95.73999786376952,97.0199966430664,94.52999877929688,94.86000061035156,94.86000061035156,49325300,94.88324893736306
GOOG,2023-02-13,95.01000213623048,95.3499984741211,94.0500030517578,95.0,95.0,43116600,95.00314871287702
GOOG,2023-02-14,94.66000366210938,95.1750030517578,92.6500015258789,94.9499969482422,94.9499969482422,42513100,94.95506742303324
GOOG,2023-02-15,94.73999786376952,97.33999633789062,94.36000061035156,97.0999984741211,97.0999984741211,36964500,97.10100811344304
GOOG,2023-02-16,95.54000091552734,97.87999725341795,94.97000122070312,95.77999877929688,95.77999877929688,35642100,95.79078372890741
GOOG,2023-02-17,95.06999969482422,95.75,93.4499969482422,94.58999633789062,94.58999633789062,31095100,94.5890519354382
GOOG,2023-02-21,93.23999786376952,93.41500091552734,92.0,92.0500030517578,92.0500030517578,28367200,92.04619500725167
GOOG,2023-02-22,91.93399810791016,92.36000061035156,90.87000274658205,91.8000030517578,91.8000030517578,29891100,91.79342935309806
GOOG,2023-02-23,92.12999725341795,92.12999725341795,90.01000213623047,91.06999969482422,91.06999969482422,32423700,91.07050679471658
GOOG,2023-02-24,89.62999725341797,90.12999725341795,88.86000061035156,89.3499984741211,89.3499984741211,31295600,89.34660894092283
GOOG,2023-02-27,90.08999633789062,90.4499969482422,89.61000061035156,90.0999984741211,90.0999984741211,22724300,90.08428574919736
GOOG,2023-02-28,89.54000091552734,91.4499969482422,89.5199966430664,90.3000030517578,90.3000030517578,30546900,90.29999492156352
GOOG,2023-03-01,90.16000366210938,91.1999969482422,89.8499984741211,90.51000213623048,90.51000213623048,26323900,90.50121948874367
GOOG,2023-03-02,89.86000061035156,92.4800033569336,89.7699966430664,92.30999755859376,92.30999755859376,23328600,92.29874710275415
GOOG,2023-03-03,92.73999786376952,94.11000061035156,92.66000366210938,94.0199966430664,94.0199966430664,30242500,94.01043194410724
GOOG,2023-03-06,94.36000061035156,96.3000030517578,94.3000030517578,95.58000183105467,95.58000183105467,28288200,95.57319622003538
GOOG,2023-03-07,95.41999816894533,96.08999633789062,93.84400177001952,94.16999816894533,94.16999816894533,24101500,94.16670268854789
GOOG,2023-03-08,94.40499877929688,96.23999786376952,94.40499877929688,94.6500015258789,94.6500015258789,25395200,94.64536308115628
GOOG,2023-03-09,94.48999786376952,95.91999816894533,92.3550033569336,92.66000366210938,92.66000366210938,24438900,92.66920833728706
GOOG,2023-03-10,92.5,93.18000030517578,90.8000030517578,91.01000213623048,91.01000213623048,32850100,91.01838808576639
GOOG,2023-03-13,90.56500244140624,93.08000183105467,89.94000244140625,91.66000366210938,91.66000366210938,31508600,91.66529010914044
GOOG,2023-03-14,93.06999969482422,94.83000183105467,92.77999877929688,94.25,94.25,32303900,94.24690567242905
GOOG,2023-03-15,93.54000091552734,97.25,93.04000091552734,96.5500030517578,96.5500030517578,38367300,96.55896928575451
GOOG,2023-03-16,96.56999969482422,101.97000122070312,95.87000274658205,101.06999969482422,101.06999969482422,54499500,101.09949909111369
GOOG,2023-03-17,100.83999633789062,103.48999786376952,100.75,102.45999908447266,102.45999908447266,76140300,102.50076836226417
GOOG,2023-03-20,101.05999755859376,102.58000183105467,100.79000091552734,101.93000030517578,101.93000030517578,26033900,101.91708902097996
GOOG,2023-03-21,101.9800033569336,105.95999908447266,101.86000061035156,105.83999633789062,105.83999633789062,33122800,105.83630325634886
GOOG,2023-03-22,105.13999938964844,107.51000213623048,104.20999908447266,104.22000122070312,104.22000122070312,32336900,104.23181168358153
GOOG,2023-03-23,105.88999938964844,107.10099792480467,105.41000366210938,106.26000213623048,106.26000213623048,31385800,106.2511138456927
GOOG,2023-03-24,105.73999786376952,106.16000366210938,104.73999786376952,106.05999755859376,106.05999755859376,25245000,106.03984520055951
GOOG,2023-03-27,105.31999969482422,105.4000015258789,102.62999725341795,103.05999755859376,103.05999755859376,25393400,103.05757201124847
GOOG,2023-03-28,103.0,103.0,100.27999877929688,101.36000061035156,101.36000061035156,24913500,101.35361998385024
GOOG,2023-03-29,102.72000122070312,102.81999969482422,101.02999877929688,101.9000015258789,101.9000015258789,26148300,101.8880843931973
GOOG,2023-03-30,101.44000244140624,101.61000061035156,100.29000091552734,101.31999969482422,101.31999969482422,25009800,101.30240726314983
GOOG,2023-03-31,101.70999908447266,104.19000244140624,101.44000244140624,104.0,104.0,28086500,103.98843530749076
GOOG,2023-04-03,102.66999816894533,104.9499969482422,102.37999725341795,104.91000366210938,104.91000366210938,20719900,104.8894508748896
GOOG,2023-04-04,104.83999633789062,106.0999984741211,104.5999984741211,105.12000274658205,105.12000274658205,20377200,105.10124842121252
GOOG,2023-04-05,106.12000274658205,106.54000091552734,104.10199737548828,104.9499969482422,104.9499969482422,21864200,104.93828395109168
GOOG,2023-04-06,105.7699966430664,109.62999725341795,104.81500244140624,108.9000015258789,108.9000015258789,34684200,108.90179967875409
GOOG,2023-04-10,107.38999938964844,107.97000122070312,105.5999984741211,106.9499969482422,106.9499969482422,19741500,106.93194626581808
GOOG,2023-04-11,106.91999816894533,107.22000122070312,105.27999877929688,106.12000274658205,106.12000274658205,18721300,106.10055076062929
GOOG,2023-04-12,107.38999938964844,107.58699798583984,104.97000122070312,105.22000122070312,105.22000122070312,22761600,105.21389925196377
GOOG,2023-04-13,106.47000122070312,108.26499938964844,106.44000244140624,108.19000244140624,108.19000244140624,21650700,108.16699033810146
GOOG,2023-04-14,107.69000244140624,109.58000183105467,107.58999633789062,109.45999908447266,109.45999908447266,20745400,109.43628243286436
GOOG,2023-04-17,105.43000030517578,106.70999908447266,105.31999969482422,106.41999816894533,106.41999816894533,29043400,106.40483080427676
GOOG,2023-04-18,107.0,107.0500030517578,104.77999877929688,105.12000274658205,105.12000274658205,17641400,105.10547166678174
GOOG,2023-04-19,104.21499633789062,105.7249984741211,103.8000030517578,105.0199966430664,105.0199966430664,16732000,104.9973526097462
GOOG,2023-04-20,104.6500015258789,106.88800048828124,104.63999938964844,105.9000015258789,105.9000015258789,22515300,105.88542209691381
GOOG,2023-04-21,106.08999633789062,106.63999938964844,105.48500061035156,105.91000366210938,105.91000366210938,22369800,105.8901635723391
GOOG,2023-04-24,106.0500030517578,107.31999969482422,105.36000061035156,106.77999877929688,106.77999877929688,21410900,106.76015259023973
GOOG,2023-04-25,106.61000061035156,107.44000244140624,104.55999755859376,104.61000061035156,104.61000061035156,31408100,104.61624126722467
GOOG,2023-04-26,105.55999755859376,107.0199966430664,103.2699966430664,104.4499969482422,104.4499969482422,37068200,104.46283236332299
GOOG,2023-04-27,105.2300033569336,109.1500015258789,104.41999816894533,108.37000274658205,108.37000274658205,38235200,108.375587655646
GOOG,2023-04-28,107.8000030517578,108.29000091552734,106.04000091552734,108.22000122070312,108.22000122070312,23957900,108.19963499535619
GOOG,2023-05-01,107.72000122070312,108.68000030517578,107.5,107.70999908447266,107.70999908447266,20926300,107.68962902684083
GOOG,2023-05-02,107.66000366210938,107.7300033569336,104.5,105.9800033569336,105.9800033569336,20343100,105.96914044159216
GOOG,2023-05-03,106.22000122070312,108.12999725341795,105.62000274658205,106.12000274658205,106.12000274658205,17116300,106.10651493186238
GOOG,2023-05-04,106.16000366210938,106.3000030517578,104.6999969482422,105.20999908447266,105.20999908447266,19780600,105.19096932322876
GOOG,2023-05-05,105.31999969482422,106.44000244140624,104.73899841308594,106.21499633789062,106.21499633789062,20705300,106.19214766170406
